src_ip,src_port,dst_ip,dst_port,data_len,protocol
11000000.10101000.00000001.00000001 1011000101110 00001010.00000000.00000000.00000001 01010000 0010000000000 0001

192.168.1.1,5678,10.0.0.1,80,1024,TCP
172.16.0.2,8080,8.8.8.8,53,512,UDP
192.168.0.100,12345,192.168.0.1,22,2048,SSH
10.1.1.1,443,192.168.2.2,1234,4096,HTTP
172.31.0.1,3389,192.168.10.10,3389,8192,RDP

